{"cameraMode":{"drawMode":0,"name":"Shaded","section":"Shading Mode"},"sceneLighting":false,"audioPlay":false,"sceneViewState":{"m_AlwaysRefresh":false,"showFog":true,"showSkybox":false,"showFlares":true,"showImageEffects":true,"showParticleSystems":true,"showVisualEffectGraphs":true,"m_FxEnabled":true},"in2DMode":false,"pivot":{"x":-2.384185791015625e-7,"y":4.999999523162842,"z":3.5762786865234377e-7},"rotation":{"x":0.007017713040113449,"y":-0.9309564232826233,"z":0.36484578251838686,"w":0.018809795379638673},"size":6.480740070343018,"orthographic":false}