{"cameraMode":{"drawMode":0,"name":"Shaded","section":"Shading Mode"},"sceneLighting":false,"audioPlay":false,"sceneViewState":{"m_AlwaysRefresh":false,"showFog":true,"showSkybox":false,"showFlares":true,"showImageEffects":true,"showParticleSystems":true,"showVisualEffectGraphs":true,"m_FxEnabled":true},"in2DMode":false,"pivot":{"x":0.0397799015045166,"y":0.21177303791046143,"z":-0.002149343490600586},"rotation":{"x":-0.008177923038601876,"y":-0.9884531497955322,"z":0.05638273432850838,"w":-0.14092254638671876},"size":0.3769722282886505,"orthographic":false}