{"cameraMode":{"drawMode":0,"name":"Shaded","section":"Shading Mode"},"sceneLighting":true,"audioPlay":false,"sceneViewState":{"m_AlwaysRefresh":false,"showFog":true,"showSkybox":true,"showFlares":true,"showImageEffects":true,"showParticleSystems":true,"showVisualEffectGraphs":true,"m_FxEnabled":true},"in2DMode":false,"pivot":{"x":553.3673095703125,"y":9.096556663513184,"z":391.68365478515627},"rotation":{"x":0.4529680609703064,"y":0.2653486728668213,"z":-0.14319323003292085,"w":0.8390686511993408},"size":0.26548075675964358,"orthographic":false}