{"cameraMode":{"drawMode":0,"name":"Shaded","section":"Shading Mode"},"sceneLighting":true,"audioPlay":false,"sceneViewState":{"m_AlwaysRefresh":false,"showFog":true,"showSkybox":true,"showFlares":true,"showImageEffects":true,"showParticleSystems":true,"showVisualEffectGraphs":true,"m_FxEnabled":true},"in2DMode":false,"pivot":{"x":443.81317138671877,"y":20.406572341918947,"z":448.2408752441406},"rotation":{"x":-0.02025594934821129,"y":0.9063705801963806,"z":-0.04349784553050995,"w":-0.4198770523071289},"size":0.012349298223853112,"orthographic":false}