{"cameraMode":{"drawMode":0,"name":"Shaded","section":"Shading Mode"},"sceneLighting":true,"audioPlay":false,"sceneViewState":{"m_AlwaysRefresh":false,"showFog":true,"showSkybox":true,"showFlares":true,"showImageEffects":true,"showParticleSystems":true,"showVisualEffectGraphs":true,"m_FxEnabled":true},"in2DMode":false,"pivot":{"x":551.3487548828125,"y":8.217314720153809,"z":380.2239685058594},"rotation":{"x":-0.006543407682329416,"y":-0.9926464557647705,"z":-0.06412551552057266,"w":0.10284899175167084},"size":1.2302658557891846,"orthographic":false}