{"cameraMode":{"drawMode":0,"name":"Shaded","section":"Shading Mode"},"sceneLighting":true,"audioPlay":false,"sceneViewState":{"m_AlwaysRefresh":false,"showFog":true,"showSkybox":true,"showFlares":true,"showImageEffects":true,"showParticleSystems":true,"showVisualEffectGraphs":true,"m_FxEnabled":true},"in2DMode":false,"pivot":{"x":561.6765747070313,"y":174.17738342285157,"z":30.020488739013673},"rotation":{"x":0.0016301849391311408,"y":0.9983904957771301,"z":-0.03895644098520279,"w":0.04167238995432854},"size":155.38783264160157,"orthographic":true}