{"cameraMode":{"drawMode":0,"name":"Shaded","section":"Shading Mode"},"sceneLighting":true,"audioPlay":false,"sceneViewState":{"m_AlwaysRefresh":false,"showFog":true,"showSkybox":true,"showFlares":true,"showImageEffects":true,"showParticleSystems":true,"showVisualEffectGraphs":true,"m_FxEnabled":true},"in2DMode":false,"pivot":{"x":556.65087890625,"y":8.197193145751954,"z":383.75738525390627},"rotation":{"x":0.019566427916288377,"y":0.8161448836326599,"z":-0.027673834934830667,"w":0.5768768787384033},"size":0.6662533283233643,"orthographic":false}