{"cameraMode":{"drawMode":0,"name":"Shaded","section":"Shading Mode"},"sceneLighting":true,"audioPlay":false,"sceneViewState":{"m_AlwaysRefresh":false,"showFog":true,"showSkybox":true,"showFlares":true,"showImageEffects":true,"showParticleSystems":true,"showVisualEffectGraphs":true,"m_FxEnabled":true},"in2DMode":false,"pivot":{"x":558.5599975585938,"y":11.48161506652832,"z":390.38299560546877},"rotation":{"x":-0.12538884580135346,"y":-0.44718167185783389,"z":0.06347542256116867,"w":-0.8833920359611511},"size":0.914206326007843,"orthographic":true}