{"cameraMode":{"drawMode":0,"name":"Shaded","section":"Shading Mode"},"sceneLighting":true,"audioPlay":false,"sceneViewState":{"m_AlwaysRefresh":false,"showFog":true,"showSkybox":true,"showFlares":true,"showImageEffects":true,"showParticleSystems":true,"showVisualEffectGraphs":true,"m_FxEnabled":true},"in2DMode":false,"pivot":{"x":558.5599975585938,"y":11.600000381469727,"z":390.38299560546877},"rotation":{"x":-0.01040638703852892,"y":-0.13309645652770997,"z":-0.0013975545298308135,"w":0.9910479784011841},"size":1.5197423696517945,"orthographic":true}