{"cameraMode":{"drawMode":0,"name":"Shaded","section":"Shading Mode"},"sceneLighting":true,"audioPlay":false,"sceneViewState":{"m_AlwaysRefresh":false,"showFog":true,"showSkybox":true,"showFlares":true,"showImageEffects":true,"showParticleSystems":true,"showVisualEffectGraphs":true,"m_FxEnabled":true},"in2DMode":false,"pivot":{"x":557.0179443359375,"y":12.269586563110352,"z":387.68157958984377},"rotation":{"x":0.044411398470401767,"y":0.16584783792495728,"z":-0.007215261925011873,"w":0.985270619392395},"size":0.692978024482727,"orthographic":false}