{"cameraMode":{"drawMode":0,"name":"Shaded","section":"Shading Mode"},"sceneLighting":true,"audioPlay":false,"sceneViewState":{"m_AlwaysRefresh":false,"showFog":true,"showSkybox":true,"showFlares":true,"showImageEffects":true,"showParticleSystems":true,"showVisualEffectGraphs":true,"m_FxEnabled":true},"in2DMode":false,"pivot":{"x":562.364013671875,"y":12.391154289245606,"z":391.61224365234377},"rotation":{"x":-0.027388406917452813,"y":0.607528805732727,"z":0.020968090742826463,"w":0.7935523390769959},"size":3.2925467491149904,"orthographic":false}