{"cameraMode":{"drawMode":0,"name":"Shaded","section":"Shading Mode"},"sceneLighting":true,"audioPlay":false,"sceneViewState":{"m_AlwaysRefresh":false,"showFog":true,"showSkybox":true,"showFlares":true,"showImageEffects":true,"showParticleSystems":true,"showVisualEffectGraphs":true,"m_FxEnabled":true},"in2DMode":false,"pivot":{"x":148.41995239257813,"y":254.56784057617188,"z":86.038330078125},"rotation":{"x":-0.02699548564851284,"y":0.012899014167487622,"z":-0.0003449409850873053,"w":-0.9995907545089722},"size":514.8167114257813,"orthographic":false}