{"cameraMode":{"drawMode":0,"name":"Shaded","section":"Shading Mode"},"sceneLighting":true,"audioPlay":false,"sceneViewState":{"m_AlwaysRefresh":false,"showFog":true,"showSkybox":true,"showFlares":true,"showImageEffects":true,"showParticleSystems":true,"showVisualEffectGraphs":true,"m_FxEnabled":true},"in2DMode":false,"pivot":{"x":562.4044799804688,"y":10.400132179260254,"z":388.5635681152344},"rotation":{"x":-0.002306147012859583,"y":0.9945869445800781,"z":-0.10180409252643585,"w":-0.02385878376662731},"size":0.814109206199646,"orthographic":false}