{"cameraMode":{"drawMode":0,"name":"Shaded","section":"Shading Mode"},"sceneLighting":true,"audioPlay":false,"sceneViewState":{"m_AlwaysRefresh":false,"showFog":true,"showSkybox":true,"showFlares":true,"showImageEffects":true,"showParticleSystems":true,"showVisualEffectGraphs":true,"m_FxEnabled":true},"in2DMode":false,"pivot":{"x":-2.3342344760894777,"y":2.09403133392334,"z":-30.676103591918947},"rotation":{"x":0.17087088525295258,"y":0.04579724743962288,"z":-0.007964516058564186,"w":0.9842186570167542},"size":1.170098900794983,"orthographic":false}