{"cameraMode":{"drawMode":0,"name":"Shaded","section":"Shading Mode"},"sceneLighting":false,"audioPlay":false,"sceneViewState":{"m_AlwaysRefresh":false,"showFog":true,"showSkybox":false,"showFlares":true,"showImageEffects":true,"showParticleSystems":true,"showVisualEffectGraphs":true,"m_FxEnabled":true},"in2DMode":false,"pivot":{"x":552.5801391601563,"y":8.585721015930176,"z":389.37371826171877},"rotation":{"x":-0.10033130645751953,"y":0.007454396691173315,"z":-0.000659476441796869,"w":-0.9949582815170288},"size":0.2010413110256195,"orthographic":false}