{"cameraMode":{"drawMode":0,"name":"Shaded","section":"Shading Mode"},"sceneLighting":false,"audioPlay":false,"sceneViewState":{"m_AlwaysRefresh":false,"showFog":true,"showSkybox":false,"showFlares":true,"showImageEffects":true,"showParticleSystems":true,"showVisualEffectGraphs":true,"m_FxEnabled":true},"in2DMode":false,"pivot":{"x":-4.628999710083008,"y":0.8375999927520752,"z":-30.165998458862306},"rotation":{"x":-0.20294244587421418,"y":-0.11514797806739807,"z":0.024042218923568727,"w":-0.9721086621284485},"size":1.2311104536056519,"orthographic":false}