{"cameraMode":{"drawMode":0,"name":"Shaded","section":"Shading Mode"},"sceneLighting":true,"audioPlay":false,"sceneViewState":{"m_AlwaysRefresh":false,"showFog":true,"showSkybox":true,"showFlares":true,"showImageEffects":true,"showParticleSystems":true,"showVisualEffectGraphs":true,"m_FxEnabled":true},"in2DMode":false,"pivot":{"x":-6.325124740600586,"y":0.018471911549568178,"z":88.93115997314453},"rotation":{"x":-0.02112187258899212,"y":0.1321811079978943,"z":-0.0028166628908365967,"w":-0.9910193681716919},"size":0.25230076909065249,"orthographic":false}