{"cameraMode":{"drawMode":0,"name":"Shaded","section":"Shading Mode"},"sceneLighting":true,"audioPlay":false,"sceneViewState":{"m_AlwaysRefresh":false,"showFog":true,"showSkybox":true,"showFlares":true,"showImageEffects":true,"showParticleSystems":true,"showVisualEffectGraphs":true,"m_FxEnabled":true},"in2DMode":false,"pivot":{"x":-3.7726118564605715,"y":3.368513345718384,"z":-34.44316864013672},"rotation":{"x":-0.13636687397956849,"y":-0.015753354877233506,"z":0.0021680593490600588,"w":-0.9905363917350769},"size":1.4865729808807374,"orthographic":false}