{"cameraMode":{"drawMode":0,"name":"Shaded","section":"Shading Mode"},"sceneLighting":true,"audioPlay":false,"sceneViewState":{"m_AlwaysRefresh":false,"showFog":true,"showSkybox":true,"showFlares":true,"showImageEffects":true,"showParticleSystems":true,"showVisualEffectGraphs":true,"m_FxEnabled":true},"in2DMode":false,"pivot":{"x":5.20779275894165,"y":0.49861299991607668,"z":79.6954345703125},"rotation":{"x":-0.02430136688053608,"y":-0.021894527599215509,"z":0.0005323455552570522,"w":-0.9994664788246155},"size":0.9105439186096191,"orthographic":false}