{"cameraMode":{"drawMode":0,"name":"Shaded","section":"Shading Mode"},"sceneLighting":false,"audioPlay":false,"sceneViewState":{"m_AlwaysRefresh":false,"showFog":true,"showSkybox":false,"showFlares":true,"showImageEffects":true,"showParticleSystems":true,"showVisualEffectGraphs":true,"m_FxEnabled":true},"in2DMode":false,"pivot":{"x":0.015960693359375,"y":-0.4911203384399414,"z":0.14829443395137788},"rotation":{"x":0.3216198682785034,"y":0.6087014079093933,"z":-0.29491564631462099,"w":0.6627874970436096},"size":2.3511197566986086,"orthographic":false}