{"cameraMode":{"drawMode":0,"name":"Shaded","section":"Shading Mode"},"sceneLighting":false,"audioPlay":false,"sceneViewState":{"m_AlwaysRefresh":false,"showFog":true,"showSkybox":false,"showFlares":true,"showImageEffects":true,"showParticleSystems":true,"showVisualEffectGraphs":true,"m_FxEnabled":true},"in2DMode":false,"pivot":{"x":-44.903167724609378,"y":7.749895095825195,"z":-40.78620147705078},"rotation":{"x":0.03749456629157066,"y":0.010761091485619545,"z":-0.00022417333093471825,"w":0.9993247389793396},"size":13.55806827545166,"orthographic":false}